SUBJECT,PREDICATE,OBJECT
Alan Turing Centenary Conference Opening,dcterms:date,<2012>
Alan Turing Centenary Conference Opening,dcterms:creator,"Barry Cooper, Stephen Furber"
Alan Turing Centenary Conference Opening,dcterms:isPartOf,Alan Turing Centenary Conference 2012
Alan Turing Centenary Conference Opening,frbr:ResponsibleEntity(Of),University of Manchester
Alan Turing Centenary Conference Opening,dcterms:spatial,Manchester
Alan Turing Centenary Conference Opening,dcterms:subject,Alan Turing
