SUBJECT,PREDICATE,OBJECT
Graphic Novel on Alan Turing's life,crm:P72_has_language,Italian
Graphic Novel on Alan Turing's life,bibframe:place,Milan
Graphic Novel on Alan Turing's life,dcterms:type,Graphic Novel
Graphic Novel on Alan Turing's life,bibframe:originDate,<2012>
Graphic Novel on Alan Turing's life,dcterms:subject,Alan Turing
Graphic Novel on Alan Turing's life,dcterms:creator,Tuono Pettinato
Graphic Novel on Alan Turing's life,bibframe:title,Enigma: La strana vita di Alan Turing
Graphic Novel on Alan Turing's life,bibframe:agent,Rizzoli Lizard
